path,source,horizon_ms,final_exact_val_bpb,final_metric_name,final_eval_mode,stop_val_bpb,total_submission_size_bytes,model_params,train_batch_tokens,train_seq_len,warmup_steps,embed_lr,head_lr,matrix_lr,scalar_lr,num_heads,num_kv_heads,paid_prefix_bytes,step_at_horizon,train_time_ms_at_horizon,step_avg_ms_at_horizon,train_loss_at_horizon,best_train_loss,mean_train_loss_last5,train_loss_slope_recent,tokens_seen_billions,latest_val_bpb,best_val_bpb,val_eval_count,val_bpb_slope_recent,gap_final_minus_latest_val
records/track_10min_16mb/2026-03-17_NaiveBaseline/train.log,public,60000,1.2243657,final_int8_zlib_roundtrip_exact,plain,1.2172,15863489,17059912,524288,1024,20,0.05,0.0,0.04,0.04,8,4,0,1350,58628,43.43,2.2774,2.2261,2.3112333333333335,-3.0420892229770243e-06,0.7077888,1.3602,1.3602,7,-3.2592478037013254e-06,-0.13583430000000019
records/track_10min_16mb/2026-03-17_NaiveBaseline/train.log,public,120000,1.2243657,final_int8_zlib_roundtrip_exact,plain,1.2172,15863489,17059912,524288,1024,20,0.05,0.0,0.04,0.04,8,4,0,2750,119524,43.46,2.2833,2.0689,2.2399,-7.760718643826241e-06,1.441792,1.3053,1.3053,14,-6.148962592475882e-07,-0.08093430000000001
records/track_10min_16mb/2026-03-17_NaiveBaseline/train.log,public,180000,1.2243657,final_int8_zlib_roundtrip_exact,plain,1.2172,15863489,17059912,524288,1024,20,0.05,0.0,0.04,0.04,8,4,0,4100,178291,43.49,2.1899,2.0689,2.2072,-1.3368531951391237e-05,2.1495808,1.2829,1.2829,21,-2.8728498905122226e-07,-0.05853430000000004
records/track_10min_16mb/2026-03-17_NaiveBaseline/train.log,public,300000,1.2243657,final_int8_zlib_roundtrip_exact,plain,1.2172,15863489,17059912,524288,1024,20,0.05,0.0,0.04,0.04,8,4,0,6850,298068,43.51,2.0978,1.8938,2.08765,-7.713080265178547e-07,3.5913728,1.2607,1.2607,35,-1.6777207620252136e-07,-0.03633430000000004
records/track_10min_16mb/2026-03-17_NaiveBaseline/train.log,public,420000,1.2243657,final_int8_zlib_roundtrip_exact,plain,1.2172,15863489,17059912,524288,1024,20,0.05,0.0,0.04,0.04,8,4,0,9650,419932,43.52,2.0183,1.8938,2.0745833333333334,-4.527293161933422e-06,5.0593792,1.2486,1.2486,49,-1.551247112807756e-07,-0.024234300000000042
records/track_10min_16mb/2026-03-18_LongContextSeq2048/train.log,public,60000,1.20576485,final_int8_zlib_roundtrip_exact,plain,1.2005,15867270,17059912,524288,2048,20,0.04,0.0,0.032,0.032,8,4,0,1000,51717,51.72,,2.2435,3.0496,-5.6272516590008156e-05,0.524288,1.3568,1.3568,2,-5.319140708084383e-05,-0.15103515
records/track_10min_16mb/2026-03-18_LongContextSeq2048/train.log,public,120000,1.20576485,final_int8_zlib_roundtrip_exact,plain,1.2005,15867270,17059912,524288,2048,20,0.04,0.0,0.032,0.032,8,4,0,2200,114067,51.85,2.0339,2.0339,2.19685,-5.400881991249393e-06,1.1534336,1.2984,1.2984,3,-2.7072868313712803e-05,-0.09263515
records/track_10min_16mb/2026-03-18_LongContextSeq2048/train.log,public,180000,1.20576485,final_int8_zlib_roundtrip_exact,plain,1.2005,15867270,17059912,524288,2048,20,0.04,0.0,0.032,0.032,8,4,0,3400,176537,51.92,2.1186,2.0339,2.1999166666666667,-2.5638597974808397e-06,1.7825792,1.2748,1.2748,4,-1.6460070557394347e-05,-0.06903514999999993
records/track_10min_16mb/2026-03-18_LongContextSeq2048/train.log,public,300000,1.20576485,final_int8_zlib_roundtrip_exact,plain,1.2005,15867270,17059912,524288,2048,20,0.04,0.0,0.032,0.032,8,4,0,5600,290858,51.94,2.1403,1.934,2.0911,2.714575470083021e-06,2.9360128,1.2507,1.2507,6,-3.0241917102433e-07,-0.044935149999999924
records/track_10min_16mb/2026-03-18_LongContextSeq2048/train.log,public,420000,1.20576485,final_int8_zlib_roundtrip_exact,plain,1.2005,15867270,17059912,524288,2048,20,0.04,0.0,0.032,0.032,8,4,0,8000,415302,51.91,,1.934,2.097633333333333,-2.299864165180406e-06,4.194304,1.2328,1.2328,9,-1.1590904483877585e-07,-0.027035149999999897
records/track_10min_16mb/2026-03-18_LongContextSeq2048/train_seed1338.log,public,60000,1.2061746,final_int8_zlib_roundtrip_exact,plain,1.2007,15861239,17059912,524288,2048,20,0.04,0.0,0.032,0.032,8,4,0,1000,51754,51.75,,2.2491,3.036633333333333,-5.505933175372944e-05,0.524288,1.3562,1.3562,2,-5.3182362715925336e-05,-0.1500254000000001
records/track_10min_16mb/2026-03-18_LongContextSeq2048/train_seed1338.log,public,120000,1.2061746,final_int8_zlib_roundtrip_exact,plain,1.2007,15861239,17059912,524288,2048,20,0.04,0.0,0.032,0.032,8,4,0,2200,114081,51.86,2.032,2.032,2.1999833333333334,-5.54592526093757e-06,1.1534336,1.2993,1.2993,3,-2.706871230078588e-05,-0.09312539999999991
records/track_10min_16mb/2026-03-18_LongContextSeq2048/train_seed1338.log,public,180000,1.2061746,final_int8_zlib_roundtrip_exact,plain,1.2007,15861239,17059912,524288,2048,20,0.04,0.0,0.032,0.032,8,4,0,3400,176417,51.89,2.1199,2.032,2.20145,-2.5446023274517166e-06,1.7825792,1.2754,1.2754,4,-1.647375012549912e-05,-0.0692254000000001
records/track_10min_16mb/2026-03-18_LongContextSeq2048/train_seed1338.log,public,300000,1.2061746,final_int8_zlib_roundtrip_exact,plain,1.2007,15861239,17059912,524288,2048,20,0.04,0.0,0.032,0.032,8,4,0,5600,290578,51.89,2.139,1.9371,2.0926499999999995,2.693923519616224e-06,2.9360128,1.2512,1.2512,6,-3.056256961570231e-07,-0.045025400000000104
records/track_10min_16mb/2026-03-18_LongContextSeq2048/train_seed1338.log,public,420000,1.2061746,final_int8_zlib_roundtrip_exact,plain,1.2007,15861239,17059912,524288,2048,20,0.04,0.0,0.032,0.032,8,4,0,8000,414903,51.86,,1.9371,2.0989500000000003,-2.345118214893679e-06,4.194304,1.2334,1.2334,9,-1.1564111932414301e-07,-0.027225400000000066
records/track_10min_16mb/2026-03-18_LongContextSeq2048/train_seed1339.log,public,60000,1.20715923,final_int8_zlib_roundtrip_exact,plain,1.2015,15861752,17059912,524288,2048,20,0.04,0.0,0.032,0.032,8,4,0,1000,51743,51.74,,2.2388,3.040483333333333,-5.5811419212325353e-05,0.524288,1.3534,1.3534,2,-5.3247782308718084e-05,-0.1462407699999999
records/track_10min_16mb/2026-03-18_LongContextSeq2048/train_seed1339.log,public,120000,1.20715923,final_int8_zlib_roundtrip_exact,plain,1.2015,15861752,17059912,524288,2048,20,0.04,0.0,0.032,0.032,8,4,0,2200,113950,51.8,2.0283,2.0283,2.196,-5.53967421753194e-06,1.1534336,1.2983,1.2983,3,-2.7112383667023465e-05,-0.09114076999999998
records/track_10min_16mb/2026-03-18_LongContextSeq2048/train_seed1339.log,public,180000,1.20715923,final_int8_zlib_roundtrip_exact,plain,1.2015,15861752,17059912,524288,2048,20,0.04,0.0,0.032,0.032,8,4,0,3400,176179,51.82,2.1196,2.0283,2.198516666666667,-2.436041981501671e-06,1.7825792,1.2754,1.2754,4,-1.6499158421317618e-05,-0.06824077000000006
records/track_10min_16mb/2026-03-18_LongContextSeq2048/train_seed1339.log,public,300000,1.20715923,final_int8_zlib_roundtrip_exact,plain,1.2015,15861752,17059912,524288,2048,20,0.04,0.0,0.032,0.032,8,4,0,5600,290221,51.83,2.1413,1.9387,2.0936333333333335,2.674283904752509e-06,2.9360128,1.2516,1.2516,6,-2.9779066623200524e-07,-0.04444077000000002
records/track_10min_16mb/2026-03-18_LongContextSeq2048/train_seed1339.log,public,420000,1.20715923,final_int8_zlib_roundtrip_exact,plain,1.2015,15861752,17059912,524288,2048,20,0.04,0.0,0.032,0.032,8,4,0,8000,414641,51.83,,1.9387,2.0989666666666666,-2.347032039060837e-06,4.194304,1.234,1.234,9,-1.1481086129993124e-07,-0.02684076999999996
records/track_10min_16mb/2026-03-19_SlidingWindowEval/train.log,public,60000,1.19250007,final_int8_zlib_roundtrip_exact,sliding_window,1.2196,15874829,17059912,524288,1024,20,0.05,0.0,0.04,0.04,8,4,0,1200,52691,43.91,2.3859,2.2933,2.46875,-8.269795602467594e-06,0.6291456,1.3823,1.3823,2,-6.208483302200557e-05,-0.18979993000000017
records/track_10min_16mb/2026-03-19_SlidingWindowEval/train.log,public,120000,1.19250007,final_int8_zlib_roundtrip_exact,sliding_window,1.2196,15874829,17059912,524288,1024,20,0.05,0.0,0.04,0.04,8,4,0,2600,114848,44.17,2.41,2.0705,2.2054,4.4207097134064e-06,1.3631488,1.3236,1.3236,3,-3.1532128891757384e-05,-0.1310999300000002
records/track_10min_16mb/2026-03-19_SlidingWindowEval/train.log,public,180000,1.19250007,final_int8_zlib_roundtrip_exact,sliding_window,1.2196,15874829,17059912,524288,1024,20,0.05,0.0,0.04,0.04,8,4,0,4000,177309,44.33,,2.0705,2.17815,-8.252724848372449e-07,2.097152,1.2846,1.2846,5,-7.130224364425532e-07,-0.09209993000000005
records/track_10min_16mb/2026-03-19_SlidingWindowEval/train.log,public,300000,1.19250007,final_int8_zlib_roundtrip_exact,sliding_window,1.2196,15874829,17059912,524288,1024,20,0.05,0.0,0.04,0.04,8,4,0,6600,293461,44.46,2.1233,1.9721,2.153916666666667,-1.2107271243205232e-06,3.4603008,1.2691,1.2691,7,-2.2524261192008612e-07,-0.07659992999999998
records/track_10min_16mb/2026-03-19_SlidingWindowEval/train.log,public,420000,1.19250007,final_int8_zlib_roundtrip_exact,sliding_window,1.2196,15874829,17059912,524288,1024,20,0.05,0.0,0.04,0.04,8,4,0,9400,418805,44.55,2.1341,1.9721,2.103466666666667,-8.266724781655847e-07,4.9283072,1.254,1.254,10,-1.1370845729513151e-07,-0.06149993000000009
records/track_10min_16mb/2026-03-19_SlidingWindow_FP16Emb_10L_MuonWD_OvertoneInit/train_seed1337.log,public,60000,1.17558517,final_int8_zlib_roundtrip_exact,plain,1.2092,15374243,18897488,524288,1024,20,0.1,0.0,0.04,0.04,8,4,0,1000,57601,57.6,2.3843,2.3133,3.1643666666666665,-5.397691743558062e-05,0.524288,,,0,,
records/track_10min_16mb/2026-03-19_SlidingWindow_FP16Emb_10L_MuonWD_OvertoneInit/train_seed1337.log,public,120000,1.17558517,final_int8_zlib_roundtrip_exact,plain,1.2092,15374243,18897488,524288,1024,20,0.1,0.0,0.04,0.04,8,4,0,2000,115209,57.6,2.2741,2.1239,2.3093500000000002,-3.5126388847959154e-06,1.048576,,,0,,
records/track_10min_16mb/2026-03-19_SlidingWindow_FP16Emb_10L_MuonWD_OvertoneInit/train_seed1337.log,public,180000,1.17558517,final_int8_zlib_roundtrip_exact,plain,1.2092,15374243,18897488,524288,1024,20,0.1,0.0,0.04,0.04,8,4,0,3000,172784,57.59,2.2649,2.104,2.2650666666666663,1.700922046677377e-06,1.572864,,,0,,
records/track_10min_16mb/2026-03-19_SlidingWindow_FP16Emb_10L_MuonWD_OvertoneInit/train_seed1337.log,public,300000,1.17558517,final_int8_zlib_roundtrip_exact,plain,1.2092,15374243,18897488,524288,1024,20,0.1,0.0,0.04,0.04,8,4,0,5200,299533,57.6,2.2262,2.0236,2.1714,2.5777373344811886e-07,2.7262976,,,0,,
records/track_10min_16mb/2026-03-19_SlidingWindow_FP16Emb_10L_MuonWD_OvertoneInit/train_seed1337.log,public,420000,1.17558517,final_int8_zlib_roundtrip_exact,plain,1.2092,15374243,18897488,524288,1024,20,0.1,0.0,0.04,0.04,8,4,0,7200,414528,57.57,2.2706,2.0236,2.2290666666666668,2.100449092116227e-06,3.7748736,,,0,,
records/track_10min_16mb/2026-03-19_SlidingWindow_FP16Emb_10L_MuonWD_OvertoneInit/train_seed42.log,public,60000,1.17423973,final_int8_zlib_roundtrip_exact,plain,1.2082,15350371,18897488,524288,1024,20,0.1,0.0,0.04,0.04,8,4,0,1000,55974,55.97,2.3803,2.301,3.1443,-5.479223906109129e-05,0.524288,,,0,,
records/track_10min_16mb/2026-03-19_SlidingWindow_FP16Emb_10L_MuonWD_OvertoneInit/train_seed42.log,public,120000,1.17423973,final_int8_zlib_roundtrip_exact,plain,1.2082,15350371,18897488,524288,1024,20,0.1,0.0,0.04,0.04,8,4,0,2000,112316,56.16,2.2767,2.1152,2.304416666666667,-3.524874024662189e-06,1.048576,,,0,,
records/track_10min_16mb/2026-03-19_SlidingWindow_FP16Emb_10L_MuonWD_OvertoneInit/train_seed42.log,public,180000,1.17423973,final_int8_zlib_roundtrip_exact,plain,1.2082,15350371,18897488,524288,1024,20,0.1,0.0,0.04,0.04,8,4,0,3200,179520,56.1,2.2229,2.1024,2.2523666666666666,1.3944218480785307e-06,1.6777216,,,0,,
records/track_10min_16mb/2026-03-19_SlidingWindow_FP16Emb_10L_MuonWD_OvertoneInit/train_seed42.log,public,300000,1.17423973,final_int8_zlib_roundtrip_exact,plain,1.2082,15350371,18897488,524288,1024,20,0.1,0.0,0.04,0.04,8,4,0,5200,291546,56.07,2.2253,2.0127,2.165366666666667,2.427223361992281e-07,2.7262976,,,0,,
records/track_10min_16mb/2026-03-19_SlidingWindow_FP16Emb_10L_MuonWD_OvertoneInit/train_seed42.log,public,420000,1.17423973,final_int8_zlib_roundtrip_exact,plain,1.2082,15350371,18897488,524288,1024,20,0.1,0.0,0.04,0.04,8,4,0,7400,414699,56.04,2.1739,2.0127,2.2272499999999997,1.1265038291484148e-07,3.8797312,,,0,,
records/track_10min_16mb/2026-03-19_SlidingWindow_FP16Emb_10L_MuonWD_OvertoneInit/train_seed7.log,public,60000,1.17443456,final_int8_zlib_roundtrip_exact,plain,1.2079,15397085,18897488,524288,1024,20,0.1,0.0,0.04,0.04,8,4,0,1000,56982,56.98,2.3844,2.3107,3.169783333333333,-5.481597301892189e-05,0.524288,,,0,,
records/track_10min_16mb/2026-03-19_SlidingWindow_FP16Emb_10L_MuonWD_OvertoneInit/train_seed7.log,public,120000,1.17443456,final_int8_zlib_roundtrip_exact,plain,1.2079,15397085,18897488,524288,1024,20,0.1,0.0,0.04,0.04,8,4,0,2000,114167,57.08,2.2744,2.1221,2.30815,-3.537332079116451e-06,1.048576,,,0,,
records/track_10min_16mb/2026-03-19_SlidingWindow_FP16Emb_10L_MuonWD_OvertoneInit/train_seed7.log,public,180000,1.17443456,final_int8_zlib_roundtrip_exact,plain,1.2079,15397085,18897488,524288,1024,20,0.1,0.0,0.04,0.04,8,4,0,3000,171387,57.13,2.2556,2.1048,2.2623,1.5168535467837775e-06,1.572864,,,0,,
records/track_10min_16mb/2026-03-19_SlidingWindow_FP16Emb_10L_MuonWD_OvertoneInit/train_seed7.log,public,300000,1.17443456,final_int8_zlib_roundtrip_exact,plain,1.2079,15397085,18897488,524288,1024,20,0.1,0.0,0.04,0.04,8,4,0,5200,297389,57.19,2.2244,2.0158,2.1702,1.98432002122681e-07,2.7262976,,,0,,
records/track_10min_16mb/2026-03-19_SlidingWindow_FP16Emb_10L_MuonWD_OvertoneInit/train_seed7.log,public,420000,1.17443456,final_int8_zlib_roundtrip_exact,plain,1.2079,15397085,18897488,524288,1024,20,0.1,0.0,0.04,0.04,8,4,0,7200,411733,57.19,2.2588,2.0158,2.2219333333333338,2.0165803186872015e-06,3.7748736,,,0,,
records/track_10min_16mb/2026-03-20_Int6_MLP3x_SmearGate_BigramHash_MuonWD_SWA/train_seed1337.log,public,60000,1.14597222,final_int8_zlib_roundtrip_exact,sliding_window,1.1616,15862650,22368841,786432,2048,20,0.03,0.0,0.02,0.02,8,4,0,700,56464,80.66,2.3682,2.3469,2.4242166666666667,-3.103951410266607e-06,0.5505024,1.4077,1.4077,2,-6.695691002455905e-05,-0.26172777999999997
records/track_10min_16mb/2026-03-20_Int6_MLP3x_SmearGate_BigramHash_MuonWD_SWA/train_seed1337.log,public,120000,1.14597222,final_int8_zlib_roundtrip_exact,sliding_window,1.1616,15862650,22368841,786432,2048,20,0.03,0.0,0.02,0.02,8,4,0,1400,113218,80.87,2.1998,2.1175,2.2432333333333334,-7.617680108172801e-07,1.1010048,1.3292,1.3292,3,-3.437810703060709e-05,-0.18322777999999995
records/track_10min_16mb/2026-03-20_Int6_MLP3x_SmearGate_BigramHash_MuonWD_SWA/train_seed1337.log,public,180000,1.14597222,final_int8_zlib_roundtrip_exact,sliding_window,1.1616,15862650,22368841,786432,2048,20,0.03,0.0,0.02,0.02,8,4,0,2200,178204,81.0,2.1501,2.0603,2.126866666666667,-1.4611575370183966e-06,1.7301504,1.2709,1.2709,5,-1.0762086872803669e-06,-0.12492777999999993
records/track_10min_16mb/2026-03-20_Int6_MLP3x_SmearGate_BigramHash_MuonWD_SWA/train_seed1337.log,public,300000,1.14597222,final_int8_zlib_roundtrip_exact,sliding_window,1.1616,15862650,22368841,786432,2048,20,0.03,0.0,0.02,0.02,8,4,0,3600,292032,81.12,2.1124,2.0318,2.1100333333333334,9.353269358905113e-07,2.8311552,1.2406,1.2406,8,-2.4571430573688324e-07,-0.09462777999999994
records/track_10min_16mb/2026-03-20_Int6_MLP3x_SmearGate_BigramHash_MuonWD_SWA/train_seed1337.log,public,420000,1.14597222,final_int8_zlib_roundtrip_exact,sliding_window,1.1616,15862650,22368841,786432,2048,20,0.03,0.0,0.02,0.02,8,4,0,5100,413970,81.17,2.1602,1.8732,2.1629666666666667,2.3706267162069964e-06,4.0108032,1.219,1.219,11,-1.744463342628366e-07,-0.0730277800000001
records/track_10min_16mb/2026-03-20_Int6_MLP3x_SmearGate_BigramHash_MuonWD_SWA/train_seed42.log,public,60000,1.14656085,final_int8_zlib_roundtrip_exact,sliding_window,1.1622,15917304,22368841,786432,2048,20,0.03,0.0,0.02,0.02,8,4,0,700,56586,80.84,2.3629,2.3498,2.4255,-3.4246934792059575e-06,0.5505024,1.4074,1.4074,2,-6.677313129812575e-05,-0.26083915
records/track_10min_16mb/2026-03-20_Int6_MLP3x_SmearGate_BigramHash_MuonWD_SWA/train_seed42.log,public,120000,1.14656085,final_int8_zlib_roundtrip_exact,sliding_window,1.1622,15917304,22368841,786432,2048,20,0.03,0.0,0.02,0.02,8,4,0,1400,113412,81.01,2.1968,2.1113,2.240283333333333,-8.647413165956878e-07,1.1010048,1.3271,1.3271,3,-3.4297465606521986e-05,-0.18053914999999998
records/track_10min_16mb/2026-03-20_Int6_MLP3x_SmearGate_BigramHash_MuonWD_SWA/train_seed42.log,public,180000,1.14656085,final_int8_zlib_roundtrip_exact,sliding_window,1.1622,15917304,22368841,786432,2048,20,0.03,0.0,0.02,0.02,8,4,0,2200,178342,81.06,2.1532,2.0592,2.1289000000000002,-1.5523641059328942e-06,1.7301504,1.2701,1.2701,5,-1.0788629224729257e-06,-0.12353915000000004
records/track_10min_16mb/2026-03-20_Int6_MLP3x_SmearGate_BigramHash_MuonWD_SWA/train_seed42.log,public,300000,1.14656085,final_int8_zlib_roundtrip_exact,sliding_window,1.1622,15917304,22368841,786432,2048,20,0.03,0.0,0.02,0.02,8,4,0,3600,292049,81.12,2.1113,2.0312,2.1088666666666667,1.0240085215100798e-06,2.8311552,1.2408,1.2408,8,-2.3735754241375877e-07,-0.09423914999999994
records/track_10min_16mb/2026-03-20_Int6_MLP3x_SmearGate_BigramHash_MuonWD_SWA/train_seed42.log,public,420000,1.14656085,final_int8_zlib_roundtrip_exact,sliding_window,1.1622,15917304,22368841,786432,2048,20,0.03,0.0,0.02,0.02,8,4,0,5100,413803,81.14,2.1628,1.8748,2.1653000000000002,2.4359978983522487e-06,4.0108032,1.2196,1.2196,11,-1.7223492815645017e-07,-0.07303915000000005
records/track_10min_16mb/2026-03-20_Int6_MLP3x_SmearGate_BigramHash_MuonWD_SWA/train_seed7.log,public,60000,1.1449177,final_int8_zlib_roundtrip_exact,sliding_window,1.1611,15944907,22368841,786432,2048,20,0.03,0.0,0.02,0.02,8,4,0,700,56470,80.67,2.3648,2.3475,2.422333333333333,-3.118508605771566e-06,0.5505024,1.4069,1.4069,2,-6.695617648518537e-05,-0.2619823000000001
records/track_10min_16mb/2026-03-20_Int6_MLP3x_SmearGate_BigramHash_MuonWD_SWA/train_seed7.log,public,120000,1.1449177,final_int8_zlib_roundtrip_exact,sliding_window,1.1611,15944907,22368841,786432,2048,20,0.03,0.0,0.02,0.02,8,4,0,1400,113201,80.86,2.1986,2.1164,2.2427500000000005,-8.122682038190844e-07,1.1010048,1.3285,1.3285,3,-3.435495898915576e-05,-0.1835823000000001
records/track_10min_16mb/2026-03-20_Int6_MLP3x_SmearGate_BigramHash_MuonWD_SWA/train_seed7.log,public,180000,1.1449177,final_int8_zlib_roundtrip_exact,sliding_window,1.1611,15944907,22368841,786432,2048,20,0.03,0.0,0.02,0.02,8,4,0,2200,178030,80.92,2.1523,2.0627,2.1271833333333334,-1.4711804638340113e-06,1.7301504,1.2711,1.2711,5,-1.0702383901726637e-06,-0.12618229999999997
records/track_10min_16mb/2026-03-20_Int6_MLP3x_SmearGate_BigramHash_MuonWD_SWA/train_seed7.log,public,300000,1.1449177,final_int8_zlib_roundtrip_exact,sliding_window,1.1611,15944907,22368841,786432,2048,20,0.03,0.0,0.02,0.02,8,4,0,3700,299670,80.99,2.1086,2.0306,2.11865,-4.609134136713696e-07,2.9097984,1.2399,1.2399,8,-2.5322550905442003e-07,-0.09498230000000008
records/track_10min_16mb/2026-03-20_Int6_MLP3x_SmearGate_BigramHash_MuonWD_SWA/train_seed7.log,public,420000,1.1449177,final_int8_zlib_roundtrip_exact,sliding_window,1.1611,15944907,22368841,786432,2048,20,0.03,0.0,0.02,0.02,8,4,0,5100,413163,81.01,2.1576,1.8733,2.162516666666667,2.3314628136348073e-06,4.0108032,1.2189,1.2189,11,-1.7024057044960077e-07,-0.07398230000000017
pr-168:records/track_10min_16mb/2026-03-19_PaidPrefix_8xH100/train.log,pr_168,60000,1.02174288,final_int8_zlib_roundtrip_exact,plain,1.0135,15922841,7630506,327680,4096,20,0.04,0.0,0.032,0.032,6,3,8750000,1600,57779,36.11,2.3355,2.3028,2.3939833333333334,-2.6773675617187353e-06,0.524288,1.1325,1.1325,2,-5.8807520342136676e-05,-0.11075712000000015
pr-168:records/track_10min_16mb/2026-03-19_PaidPrefix_8xH100/train.log,pr_168,120000,1.02174288,final_int8_zlib_roundtrip_exact,plain,1.0135,15922841,7630506,327680,4096,20,0.04,0.0,0.032,0.032,6,3,8750000,3200,115571,36.12,2.3878,2.2016,2.27345,9.833758991858158e-07,1.048576,1.0731,1.0731,4,-1.813576404667158e-05,-0.051357120000000034
pr-168:records/track_10min_16mb/2026-03-19_PaidPrefix_8xH100/train.log,pr_168,180000,1.02174288,final_int8_zlib_roundtrip_exact,plain,1.0135,15922841,7630506,327680,4096,20,0.04,0.0,0.032,0.032,6,3,8750000,4800,173370,36.12,2.1882,2.1768,2.2693166666666666,3.908073661861224e-07,1.572864,1.0629,1.0629,5,-6.288559010297533e-07,-0.04115712000000005
pr-168:records/track_10min_16mb/2026-03-19_PaidPrefix_8xH100/train.log,pr_168,300000,1.02174288,final_int8_zlib_roundtrip_exact,plain,1.0135,15922841,7630506,327680,4096,20,0.04,0.0,0.032,0.032,6,3,8750000,8200,295976,36.09,2.2856,1.7821,2.154216666666667,7.128996622811184e-06,2.686976,1.0412,1.0412,9,-1.3650832428212042e-07,-0.019457119999999994
pr-168:records/track_10min_16mb/2026-03-19_PaidPrefix_8xH100/train.log,pr_168,420000,1.02174288,final_int8_zlib_roundtrip_exact,plain,1.0135,15922841,7630506,327680,4096,20,0.04,0.0,0.032,0.032,6,3,8750000,11400,412527,36.19,2.1287,1.7821,2.2064333333333335,-5.9253114804487724e-06,3.735552,1.0301,1.0301,12,-1.0122131860303296e-07,-0.008357120000000107
pr-168:records/track_10min_16mb/2026-03-19_PaidPrefix_8xH100/train_seed1338.log,pr_168,60000,1.0246819,final_int8_zlib_roundtrip_exact,plain,1.0134,15921916,7630506,327680,4096,20,0.04,0.0,0.032,0.032,6,3,8750000,1600,58298,36.44,2.3402,2.3075,2.3988666666666663,-2.9435167754539794e-06,0.524288,1.1344,1.1344,2,-5.810525159908856e-05,-0.10971810000000004
pr-168:records/track_10min_16mb/2026-03-19_PaidPrefix_8xH100/train_seed1338.log,pr_168,120000,1.0246819,final_int8_zlib_roundtrip_exact,plain,1.0134,15921916,7630506,327680,4096,20,0.04,0.0,0.032,0.032,6,3,8750000,3200,117306,36.66,2.393,2.1967,2.270466666666667,1.1859393664708171e-06,1.048576,1.0728,1.0728,4,-1.788666688921166e-05,-0.04811809999999994
pr-168:records/track_10min_16mb/2026-03-19_PaidPrefix_8xH100/train_seed1338.log,pr_168,180000,1.0246819,final_int8_zlib_roundtrip_exact,plain,1.0134,15921916,7630506,327680,4096,20,0.04,0.0,0.032,0.032,6,3,8750000,4800,176392,36.75,2.1816,2.1764,2.2677666666666663,3.4912289090516047e-07,1.572864,1.0623,1.0623,5,-6.370844929318436e-07,-0.03761809999999999
pr-168:records/track_10min_16mb/2026-03-19_PaidPrefix_8xH100/train_seed1338.log,pr_168,300000,1.0246819,final_int8_zlib_roundtrip_exact,plain,1.0134,15921916,7630506,327680,4096,20,0.04,0.0,0.032,0.032,6,3,8750000,8200,299313,36.5,2.2863,1.7784,2.1526666666666667,7.012216503459711e-06,2.686976,1.0404,1.0404,9,-1.3739927887810445e-07,-0.015718099999999957
pr-168:records/track_10min_16mb/2026-03-19_PaidPrefix_8xH100/train_seed1338.log,pr_168,420000,1.0246819,final_int8_zlib_roundtrip_exact,plain,1.0134,15921916,7630506,327680,4096,20,0.04,0.0,0.032,0.032,6,3,8750000,11400,416089,36.5,2.1196,1.7784,2.1990333333333334,-6.1202379074696085e-06,3.735552,1.029,1.029,12,-1.0337376126808544e-07,-0.00431809999999988
pr-168:records/track_10min_16mb/2026-03-19_PaidPrefix_8xH100/train_seed1339.log,pr_168,60000,1.02508439,final_int8_zlib_roundtrip_exact,plain,1.0155,15920670,7630506,327680,4096,20,0.04,0.0,0.032,0.032,6,3,8750000,1600,58685,36.68,2.3444,2.3022,2.39845,-2.5600453167944183e-06,0.524288,1.1358,1.1358,2,-5.760472844146648e-05,-0.11071560999999996
pr-168:records/track_10min_16mb/2026-03-19_PaidPrefix_8xH100/train_seed1339.log,pr_168,120000,1.02508439,final_int8_zlib_roundtrip_exact,plain,1.0155,15920670,7630506,327680,4096,20,0.04,0.0,0.032,0.032,6,3,8750000,3200,117926,36.85,2.3937,2.2173,2.2794166666666666,1.0288106147779203e-06,1.048576,1.076,1.076,4,-1.7773140192001373e-05,-0.05091561000000011
pr-168:records/track_10min_16mb/2026-03-19_PaidPrefix_8xH100/train_seed1339.log,pr_168,180000,1.02508439,final_int8_zlib_roundtrip_exact,plain,1.0155,15920670,7630506,327680,4096,20,0.04,0.0,0.032,0.032,6,3,8750000,4800,177179,36.91,2.1937,2.1767,2.27265,5.322244148658152e-07,1.572864,1.065,1.065,5,-6.205637633401801e-07,-0.03991560999999999
pr-168:records/track_10min_16mb/2026-03-19_PaidPrefix_8xH100/train_seed1339.log,pr_168,300000,1.02508439,final_int8_zlib_roundtrip_exact,plain,1.0155,15920670,7630506,327680,4096,20,0.04,0.0,0.032,0.032,6,3,8750000,8000,294959,36.87,,1.7925,2.1578666666666666,9.788597119613954e-07,2.62144,1.0429,1.0429,9,-1.4029333560493076e-07,-0.017815609999999982
pr-168:records/track_10min_16mb/2026-03-19_PaidPrefix_8xH100/train_seed1339.log,pr_168,420000,1.02508439,final_int8_zlib_roundtrip_exact,plain,1.0155,15920670,7630506,327680,4096,20,0.04,0.0,0.032,0.032,6,3,8750000,11400,418246,36.69,2.1188,1.7925,2.200466666666667,-6.114472533643616e-06,3.735552,1.0313,1.0313,12,-1.078158057107569e-07,-0.006215610000000149
pr-176:records/track_10min_16mb/2026-03-20_10L_Slide64_Mid6/train.log,pr_176,60000,1.17319477,final_sliding_window_exact,sliding,1.2039,15846677,18897488,524288,1024,20,0.08,0.0,0.02,0.02,8,4,0,1200,58031,48.36,2.4083,2.3123,2.5037333333333334,-9.067061378998978e-06,0.6291456,,,0,,
pr-176:records/track_10min_16mb/2026-03-20_10L_Slide64_Mid6/train.log,pr_176,120000,1.17319477,final_sliding_window_exact,sliding,1.2039,15846677,18897488,524288,1024,20,0.08,0.0,0.02,0.02,8,4,0,2400,115980,48.33,2.2112,2.087,2.231933333333333,-4.023194843075197e-06,1.2582912,,,0,,
pr-176:records/track_10min_16mb/2026-03-20_10L_Slide64_Mid6/train.log,pr_176,180000,1.17319477,final_sliding_window_exact,sliding,1.2039,15846677,18897488,524288,1024,20,0.08,0.0,0.02,0.02,8,4,0,3600,173920,48.31,2.1231,2.087,2.2304166666666667,-5.184386110281291e-06,1.8874368,,,0,,
pr-176:records/track_10min_16mb/2026-03-20_10L_Slide64_Mid6/train.log,pr_176,300000,1.17319477,final_sliding_window_exact,sliding,1.2039,15846677,18897488,524288,1024,20,0.08,0.0,0.02,0.02,8,4,0,6200,299447,48.3,2.117,1.9707,2.2149,-2.20793712196031e-06,3.2505856,,,0,,
pr-176:records/track_10min_16mb/2026-03-20_10L_Slide64_Mid6/train.log,pr_176,420000,1.17319477,final_sliding_window_exact,sliding,1.2039,15846677,18897488,524288,1024,20,0.08,0.0,0.02,0.02,8,4,0,8600,415264,48.29,2.1373,1.9707,2.1401166666666662,2.807316635140707e-07,4.5088768,,,0,,
pr-179:records/track_10min_16mb/2026-03-20_11L_WD034_ValOnly/train_seed1337.log,pr_179,60000,0.92596007,final_int6_sliding_window_exact,sliding,0.9019,15772817,26501720,524288,2048,20,0.03,0.0,0.02,0.02,8,4,0,800,57920,72.4,,2.267,3.6858000000000004,-6.923521186641101e-05,0.4194304,1.3015,1.3015,5,-6.246933954188069e-06,-0.3755399300000001
pr-179:records/track_10min_16mb/2026-03-20_11L_WD034_ValOnly/train_seed1337.log,pr_179,120000,0.92596007,final_int6_sliding_window_exact,sliding,0.9019,15772817,26501720,524288,2048,20,0.03,0.0,0.02,0.02,8,4,0,1600,116008,72.51,,2.0389,2.2002166666666665,-2.4283122448564224e-06,0.8388608,1.2454,1.2454,9,-6.906660475894613e-07,-0.31943993000000004
pr-179:records/track_10min_16mb/2026-03-20_11L_WD034_ValOnly/train_seed1337.log,pr_179,180000,0.92596007,final_int6_sliding_window_exact,sliding,0.9019,15772817,26501720,524288,2048,20,0.03,0.0,0.02,0.02,8,4,0,2400,174064,72.53,,2.0383,2.1062333333333334,-2.0594699283606816e-06,1.2582912,1.1743,1.1743,13,-9.890793464500742e-07,-0.24833992999999988
pr-179:records/track_10min_16mb/2026-03-20_11L_WD034_ValOnly/train_seed1337.log,pr_179,300000,0.92596007,final_int6_sliding_window_exact,sliding,0.9019,15772817,26501720,524288,2048,20,0.03,0.0,0.02,0.02,8,4,0,4000,289739,72.43,,1.7078,1.8919500000000002,-1.2725013777465034e-06,2.097152,1.1317,1.1317,21,-2.374313636893801e-07,-0.2057399299999999
pr-179:records/track_10min_16mb/2026-03-20_11L_WD034_ValOnly/train_seed1337.log,pr_179,420000,0.92596007,final_int6_sliding_window_exact,sliding,0.9019,15772817,26501720,524288,2048,20,0.03,0.0,0.02,0.02,8,4,0,5800,419981,72.41,1.7969,1.7078,1.9056833333333334,-2.9960848207447838e-06,3.0408704,1.1074,1.1074,29,-2.4835776154433017e-07,-0.18143992999999992
pr-179:records/track_10min_16mb/2026-03-20_11L_WD034_ValOnly/train_seed42.log,pr_179,60000,0.92854267,final_int6_sliding_window_exact,sliding,0.9032,15753194,26501720,524288,2048,20,0.03,0.0,0.02,0.02,8,4,0,800,58266,72.83,,2.2648,3.665033333333333,-6.773593425657701e-05,0.4194304,1.3033,1.3033,5,-6.236917972708612e-06,-0.3747573299999999
pr-179:records/track_10min_16mb/2026-03-20_11L_WD034_ValOnly/train_seed42.log,pr_179,120000,0.92854267,final_int6_sliding_window_exact,sliding,0.9032,15753194,26501720,524288,2048,20,0.03,0.0,0.02,0.02,8,4,0,1600,116583,72.86,,2.0423,2.20335,-2.327045588414217e-06,0.8388608,1.2462,1.2462,9,-6.652318682104717e-07,-0.31765732999999996
pr-179:records/track_10min_16mb/2026-03-20_11L_WD034_ValOnly/train_seed42.log,pr_179,180000,0.92854267,final_int6_sliding_window_exact,sliding,0.9032,15753194,26501720,524288,2048,20,0.03,0.0,0.02,0.02,8,4,0,2400,174772,72.82,,2.0406,2.109933333333333,-2.158130899481558e-06,1.2582912,1.1756,1.1756,13,-9.75672729146382e-07,-0.24705732999999996
pr-179:records/track_10min_16mb/2026-03-20_11L_WD034_ValOnly/train_seed42.log,pr_179,300000,0.92854267,final_int6_sliding_window_exact,sliding,0.9032,15753194,26501720,524288,2048,20,0.03,0.0,0.02,0.02,8,4,0,4000,291178,72.79,,1.718,1.8967666666666665,-1.3567709662696601e-06,2.097152,1.1342,1.1342,21,-2.144590842938371e-07,-0.20565733000000008
pr-179:records/track_10min_16mb/2026-03-20_11L_WD034_ValOnly/train_seed42.log,pr_179,420000,0.92854267,final_int6_sliding_window_exact,sliding,0.9032,15753194,26501720,524288,2048,20,0.03,0.0,0.02,0.02,8,4,0,5600,407471,72.76,,1.718,1.9397833333333334,-2.2895078685478753e-06,2.9360128,1.1084,1.1084,29,-2.649540928026602e-07,-0.17985733000000004
pr-179:records/track_10min_16mb/2026-03-20_11L_WD034_ValOnly/train_seed7.log,pr_179,60000,0.92760759,final_int6_sliding_window_exact,sliding,0.9023,15770979,26501720,524288,2048,20,0.03,0.0,0.02,0.02,8,4,0,800,57927,72.41,,2.2662,3.66525,-6.82354222531205e-05,0.4194304,1.3021,1.3021,5,-6.124123657658173e-06,-0.37449241
pr-179:records/track_10min_16mb/2026-03-20_11L_WD034_ValOnly/train_seed7.log,pr_179,120000,0.92760759,final_int6_sliding_window_exact,sliding,0.9023,15770979,26501720,524288,2048,20,0.03,0.0,0.02,0.02,8,4,0,1600,115881,72.43,,2.0394,2.2024500000000002,-2.3666633413799443e-06,0.8388608,1.245,1.245,9,-7.295151493049636e-07,-0.31739241000000007
pr-179:records/track_10min_16mb/2026-03-20_11L_WD034_ValOnly/train_seed7.log,pr_179,180000,0.92760759,final_int6_sliding_window_exact,sliding,0.9023,15770979,26501720,524288,2048,20,0.03,0.0,0.02,0.02,8,4,0,2400,173783,72.41,,2.0373,2.108216666666667,-2.1911794957820208e-06,1.2582912,1.1731,1.1731,13,-1.013956534474331e-06,-0.24549241
pr-179:records/track_10min_16mb/2026-03-20_11L_WD034_ValOnly/train_seed7.log,pr_179,300000,0.92760759,final_int6_sliding_window_exact,sliding,0.9023,15770979,26501720,524288,2048,20,0.03,0.0,0.02,0.02,8,4,0,4000,289467,72.37,,1.7109,1.8938666666666666,-1.2823246855303458e-06,2.097152,1.1324,1.1324,21,-2.1998832301435629e-07,-0.20479241000000004
pr-179:records/track_10min_16mb/2026-03-20_11L_WD034_ValOnly/train_seed7.log,pr_179,420000,0.92760759,final_int6_sliding_window_exact,sliding,0.9023,15770979,26501720,524288,2048,20,0.03,0.0,0.02,0.02,8,4,0,5800,419371,72.31,,1.7109,1.9073666666666664,-2.7924759745867213e-06,3.0408704,1.1013,1.1013,30,-4.0668954402825256e-07,-0.1736924099999999
pr-179:records/track_10min_16mb/2026-03-20_11L_WD038_NonVal/train_seed1337.log,pr_179,60000,1.14820731,final_int6_sliding_window_exact,sliding,1.1618,15696856,26501720,524288,2048,20,0.035,0.0,0.025,0.025,8,4,0,600,51570,85.95,,2.2737,4.4379333333333335,-8.767929048031234e-05,0.3145728,1.3988,1.3988,4,-4.8235705013657935e-05,-0.25059268999999995
pr-179:records/track_10min_16mb/2026-03-20_11L_WD038_NonVal/train_seed1337.log,pr_179,120000,1.14820731,final_int6_sliding_window_exact,sliding,1.1618,15696856,26501720,524288,2048,20,0.035,0.0,0.025,0.025,8,4,0,1200,103463,86.22,,2.2195,2.397816666666667,-3.7260581851777855e-06,0.6291456,1.3293,1.3293,7,-1.3440198708478788e-06,-0.18109268999999983
pr-179:records/track_10min_16mb/2026-03-20_11L_WD038_NonVal/train_seed1337.log,pr_179,180000,1.14820731,final_int6_sliding_window_exact,sliding,1.1618,15696856,26501720,524288,2048,20,0.035,0.0,0.025,0.025,8,4,0,2000,172006,86.0,,2.0396,2.2343833333333336,-2.624016206817493e-06,1.048576,1.285,1.285,11,-7.142026420647559e-07,-0.13679268999999983
pr-179:records/track_10min_16mb/2026-03-20_11L_WD038_NonVal/train_seed1337.log,pr_179,300000,1.14820731,final_int6_sliding_window_exact,sliding,1.1618,15696856,26501720,524288,2048,20,0.035,0.0,0.025,0.025,8,4,0,3400,291983,85.88,,2.0047,2.1706333333333334,-1.4449656595408974e-06,1.7825792,1.2544,1.2544,18,-1.4203611717479458e-07,-0.10619268999999987
pr-179:records/track_10min_16mb/2026-03-20_11L_WD038_NonVal/train_seed1337.log,pr_179,420000,1.14820731,final_int6_sliding_window_exact,sliding,1.1618,15696856,26501720,524288,2048,20,0.035,0.0,0.025,0.025,8,4,0,4800,412159,85.87,,1.8956,2.0762500000000004,-9.217978990397254e-07,2.5165824,1.2269,1.2269,25,-2.724744034431243e-07,-0.07869269000000001
pr-179:records/track_10min_16mb/2026-03-20_11L_WD038_NonVal/train_seed42.log,pr_179,60000,1.14425474,final_int6_sliding_window_exact,sliding,1.1582,15905331,26501720,524288,2048,20,0.035,0.0,0.025,0.025,8,4,0,800,58121,72.65,,2.2223,3.6953666666666667,-6.945542222058329e-05,0.4194304,1.3694,1.3694,5,-5.524155048454198e-06,-0.2251452599999999
pr-179:records/track_10min_16mb/2026-03-20_11L_WD038_NonVal/train_seed42.log,pr_179,120000,1.14425474,final_int6_sliding_window_exact,sliding,1.1582,15905331,26501720,524288,2048,20,0.035,0.0,0.025,0.025,8,4,0,1600,116234,72.65,,2.0444,2.2952,-3.2077937555296585e-06,0.8388608,1.3159,1.3159,9,-7.079807185609649e-07,-0.17164526000000002
pr-179:records/track_10min_16mb/2026-03-20_11L_WD038_NonVal/train_seed42.log,pr_179,180000,1.14425474,final_int6_sliding_window_exact,sliding,1.1582,15905331,26501720,524288,2048,20,0.035,0.0,0.025,0.025,8,4,0,2400,174857,72.86,,2.0054,2.1506333333333334,-2.4927930206227574e-06,1.2582912,1.2712,1.2712,13,-6.460308387047901e-07,-0.12694526000000006
pr-179:records/track_10min_16mb/2026-03-20_11L_WD038_NonVal/train_seed42.log,pr_179,300000,1.14425474,final_int6_sliding_window_exact,sliding,1.1582,15905331,26501720,524288,2048,20,0.035,0.0,0.025,0.025,8,4,0,4000,292151,73.04,,2.0054,2.1130166666666663,-4.003975498064592e-07,2.097152,1.2478,1.2478,21,-1.9848677878475576e-07,-0.10354525999999997
pr-179:records/track_10min_16mb/2026-03-20_11L_WD038_NonVal/train_seed42.log,pr_179,420000,1.14425474,final_int6_sliding_window_exact,sliding,1.1582,15905331,26501720,524288,2048,20,0.035,0.0,0.025,0.025,8,4,0,5600,409422,73.11,,1.9147,2.0743,1.853144540333526e-06,2.9360128,1.2333,1.2333,29,-1.8904668950389926e-07,-0.08904526000000001
pr-179:records/track_10min_16mb/2026-03-20_11L_WD038_NonVal/train_seed7.log,pr_179,60000,1.1492429,final_int6_sliding_window_exact,sliding,1.1628,15610740,26501720,524288,2048,20,0.035,0.0,0.025,0.025,8,4,0,600,51886,86.48,,2.2544,4.407683333333334,-8.623498747048369e-05,0.3145728,1.3983,1.3983,4,-4.782491090798465e-05,-0.24905710000000014
pr-179:records/track_10min_16mb/2026-03-20_11L_WD038_NonVal/train_seed7.log,pr_179,120000,1.1492429,final_int6_sliding_window_exact,sliding,1.1628,15610740,26501720,524288,2048,20,0.035,0.0,0.025,0.025,8,4,0,1200,103780,86.48,,2.2135,2.3901499999999998,-3.5223459570245397e-06,0.6291456,1.3302,1.3302,7,-1.3155352936723112e-06,-0.1809571000000001
pr-179:records/track_10min_16mb/2026-03-20_11L_WD038_NonVal/train_seed7.log,pr_179,180000,1.1492429,final_int6_sliding_window_exact,sliding,1.1628,15610740,26501720,524288,2048,20,0.035,0.0,0.025,0.025,8,4,0,2000,172713,86.36,,2.0448,2.23475,-2.5906955997123728e-06,1.048576,1.2849,1.2849,11,-7.210593945461513e-07,-0.13565709999999997
pr-179:records/track_10min_16mb/2026-03-20_11L_WD038_NonVal/train_seed7.log,pr_179,300000,1.1492429,final_int6_sliding_window_exact,sliding,1.1628,15610740,26501720,524288,2048,20,0.035,0.0,0.025,0.025,8,4,0,3400,293128,86.21,,2.0068,2.1705333333333336,-1.4106146468635682e-06,1.7825792,1.2555,1.2555,18,-1.390964727104335e-07,-0.1062571000000001
pr-179:records/track_10min_16mb/2026-03-20_11L_WD038_NonVal/train_seed7.log,pr_179,420000,1.1492429,final_int6_sliding_window_exact,sliding,1.1628,15610740,26501720,524288,2048,20,0.035,0.0,0.025,0.025,8,4,0,4800,413726,86.19,,1.8938,2.0768333333333335,-9.254171522727757e-07,2.5165824,1.2268,1.2268,25,-2.7619901754779996e-07,-0.07755709999999993
pr-192:records/track_10min_16mb/2026-03-20_11L_QAT_SmearGate_WD038/train.log,pr_192,60000,1.15023949,final_int6_zstd22_roundtrip_exact,sliding_window,1.1715,15495792,26502233,524288,2048,20,0.03,0.0,0.02,0.02,8,4,0,800,59823,74.78,,2.2376,2.352883333333333,-9.529560891309233e-06,0.4194304,1.3823,1.3823,5,-6.775123163292892e-06,-0.23206051000000016
pr-192:records/track_10min_16mb/2026-03-20_11L_QAT_SmearGate_WD038/train.log,pr_192,120000,1.15023949,final_int6_zstd22_roundtrip_exact,sliding_window,1.1715,15495792,26502233,524288,2048,20,0.03,0.0,0.02,0.02,8,4,0,1600,119616,74.76,,2.0606,2.2061999999999995,-1.2864315376198946e-05,0.8388608,1.3238,1.3238,9,-7.183392634699682e-07,-0.17356051000000017
pr-192:records/track_10min_16mb/2026-03-20_11L_QAT_SmearGate_WD038/train.log,pr_192,180000,1.15023949,final_int6_zstd22_roundtrip_exact,sliding_window,1.1715,15495792,26502233,524288,2048,20,0.03,0.0,0.02,0.02,8,4,0,2400,179408,74.75,,2.0213,2.1435666666666666,4.813854009054466e-06,1.2582912,1.2766,1.2766,13,-6.735909241018854e-07,-0.12636051000000004
pr-192:records/track_10min_16mb/2026-03-20_11L_QAT_SmearGate_WD038/train.log,pr_192,300000,1.15023949,final_int6_zstd22_roundtrip_exact,sliding_window,1.1715,15495792,26502233,524288,2048,20,0.03,0.0,0.02,0.02,8,4,0,4000,298925,74.73,,1.9343,2.0796833333333336,-2.0826364241484355e-06,2.097152,1.2501,1.2501,21,-1.9209503790829477e-07,-0.09986051000000007
pr-192:records/track_10min_16mb/2026-03-20_11L_QAT_SmearGate_WD038/train.log,pr_192,420000,1.15023949,final_int6_zstd22_roundtrip_exact,sliding_window,1.1715,15495792,26502233,524288,2048,20,0.03,0.0,0.02,0.02,8,4,0,5500,415625,75.57,2.0814,1.9114,2.10945,5.861872611648752e-07,2.883584,1.2344,1.2344,28,-2.1406494162826387e-07,-0.08416051000000002
pr-192:records/track_10min_16mb/2026-03-20_Int6QAT_SmearGate_MuonWD/train.log,pr_192,60000,1.16689857,final_int6_zstd22_roundtrip_exact,sliding_window,1.1875,14767955,21779017,524288,2048,20,0.07,0.0,0.06,0.06,8,4,0,950,58651,61.74,2.3863,2.2563,2.3953833333333336,4.189792419788062e-06,0.4980736,1.4,1.4,5,-7.413762686876641e-06,-0.23310142999999983
pr-192:records/track_10min_16mb/2026-03-20_Int6QAT_SmearGate_MuonWD/train.log,pr_192,120000,1.16689857,final_int6_zstd22_roundtrip_exact,sliding_window,1.1875,14767955,21779017,524288,2048,20,0.07,0.0,0.06,0.06,8,4,0,1900,117432,61.81,2.1896,2.1014,2.22585,9.933898439253344e-07,0.9961472,1.3293,1.3293,10,-8.259932326374548e-07,-0.16240142999999985
pr-192:records/track_10min_16mb/2026-03-20_Int6QAT_SmearGate_MuonWD/train.log,pr_192,180000,1.16689857,final_int6_zstd22_roundtrip_exact,sliding_window,1.1875,14767955,21779017,524288,2048,20,0.07,0.0,0.06,0.06,8,4,0,2900,179338,61.84,2.153,2.0612,2.1990000000000003,-2.888253844754499e-06,1.5204352,1.2863,1.2863,15,-4.4260816746020786e-07,-0.11940142999999992
pr-192:records/track_10min_16mb/2026-03-20_Int6QAT_SmearGate_MuonWD/train.log,pr_192,300000,1.16689857,final_int6_zstd22_roundtrip_exact,sliding_window,1.1875,14767955,21779017,524288,2048,20,0.07,0.0,0.06,0.06,8,4,0,4850,299827,61.82,2.1167,1.9278,2.07625,1.0771227849876552e-05,2.5427968,1.2514,1.2514,25,-1.9274439158953e-07,-0.08450142999999999
pr-192:records/track_10min_16mb/2026-03-20_Int6QAT_SmearGate_MuonWD/train.log,pr_192,420000,1.16689857,final_int6_zstd22_roundtrip_exact,sliding_window,1.1875,14767955,21779017,524288,2048,20,0.07,0.0,0.06,0.06,8,4,0,6750,417189,61.81,2.2576,1.9278,2.14075,1.1065932024936946e-05,3.538944,1.229,1.229,34,-2.1377063522983695e-07,-0.06210143000000001
pr-236:records/track_10min_16mb/2026-03-20_11L_Int6_SmearGate_SWA/train.log,pr_236,60000,1.13388793,final_sliding_window_exact,sliding,1.1503,15461157,26829913,524288,2048,20,0.035,0.0,0.025,0.025,8,4,0,800,55206,69.01,2.2084,2.2084,3.766150000000001,-7.779650588657102e-05,0.4194304,4.1038,4.1038,1,,-2.9699120699999995
pr-236:records/track_10min_16mb/2026-03-20_11L_Int6_SmearGate_SWA/train.log,pr_236,120000,1.13388793,final_sliding_window_exact,sliding,1.1503,15461157,26829913,524288,2048,20,0.035,0.0,0.025,0.025,8,4,0,1600,110400,69.0,2.0413,2.0413,2.2856166666666664,-3.2629260705677476e-06,0.8388608,1.3384,1.3384,2,-4.006258420618018e-05,-0.20451207000000005
pr-236:records/track_10min_16mb/2026-03-20_11L_Int6_SmearGate_SWA/train.log,pr_236,180000,1.13388793,final_sliding_window_exact,sliding,1.1503,15461157,26829913,524288,2048,20,0.035,0.0,0.025,0.025,8,4,0,2600,179592,69.07,2.356,2.0035,2.1422833333333333,2.773108344680067e-06,1.3631488,1.2824,1.2824,3,-2.043224115100588e-05,-0.14851207
pr-236:records/track_10min_16mb/2026-03-20_11L_Int6_SmearGate_SWA/train.log,pr_236,300000,1.13388793,final_sliding_window_exact,sliding,1.1503,15461157,26829913,524288,2048,20,0.035,0.0,0.025,0.025,8,4,0,4200,290293,69.12,2.1073,2.0035,2.10535,2.0978121844617435e-07,2.2020096,1.248,1.248,5,-4.274472041420315e-07,-0.11411207000000001
pr-236:records/track_10min_16mb/2026-03-20_11L_Int6_SmearGate_SWA/train.log,pr_236,420000,1.13388793,final_sliding_window_exact,sliding,1.1503,15461157,26829913,524288,2048,20,0.035,0.0,0.025,0.025,8,4,0,6000,414629,69.1,,1.9118,2.099016666666667,1.894976729821811e-06,3.145728,1.235,1.235,7,-1.0791584347976179e-07,-0.10111207000000011
pr-244:records/track_10min_16mb/2026-03-20_LeaderCore10L_ValidEval_TempOnly_Int8Search/runpod_tmp_base/train.log,pr_244,60000,1.20639536,final_int8_zlib_roundtrip_exact,non_overlapping_validity_safe,1.2055,15294320,18897488,524288,1024,20,0.1,0.0,0.04,0.04,8,4,0,1200,58899,49.08,2.3992,2.312,2.5039,-8.962410373150793e-06,0.6291456,,,0,,
pr-244:records/track_10min_16mb/2026-03-20_LeaderCore10L_ValidEval_TempOnly_Int8Search/runpod_tmp_base/train.log,pr_244,120000,1.20639536,final_int8_zlib_roundtrip_exact,non_overlapping_validity_safe,1.2055,15294320,18897488,524288,1024,20,0.1,0.0,0.04,0.04,8,4,0,2400,117885,49.12,2.2241,2.1043,2.2333166666666666,-3.3088458146843467e-06,1.2582912,,,0,,
pr-244:records/track_10min_16mb/2026-03-20_LeaderCore10L_ValidEval_TempOnly_Int8Search/runpod_tmp_base/train.log,pr_244,180000,1.20639536,final_int8_zlib_roundtrip_exact,non_overlapping_validity_safe,1.2055,15294320,18897488,524288,1024,20,0.1,0.0,0.04,0.04,8,4,0,3600,176973,49.16,2.1576,2.1043,2.260683333333333,-4.920393782973027e-06,1.8874368,,,0,,
pr-244:records/track_10min_16mb/2026-03-20_LeaderCore10L_ValidEval_TempOnly_Int8Search/runpod_tmp_base/train.log,pr_244,300000,1.20639536,final_int8_zlib_roundtrip_exact,non_overlapping_validity_safe,1.2055,15294320,18897488,524288,1024,20,0.1,0.0,0.04,0.04,8,4,0,6000,295166,49.19,2.2771,2.0208,2.2114833333333337,2.6583306280089126e-06,3.145728,,,0,,
pr-244:records/track_10min_16mb/2026-03-20_LeaderCore10L_ValidEval_TempOnly_Int8Search/runpod_tmp_base/train.log,pr_244,420000,1.20639536,final_int8_zlib_roundtrip_exact,non_overlapping_validity_safe,1.2055,15294320,18897488,524288,1024,20,0.1,0.0,0.04,0.04,8,4,0,8400,414038,49.29,2.1916,2.0208,2.1753,1.6763529567064928e-06,4.4040192,,,0,,
pr-274:records/track_10min_16mb/2026-03-20_Stride32_WarmdownTuned_MuonTuned/train_seed1337.log,pr_274,60000,1.14173591,final_int8_zlib_roundtrip_exact,sliding_window,1.1526,15676104,25517137,524288,2048,20,0.03,0.0,0.02,0.02,8,4,0,900,55686,61.87,2.2571,2.2112,2.3276499999999998,-3.2613031598229854e-06,0.4718592,1.4278,1.4278,2,-8.634295854170033e-05,-0.28606409
pr-274:records/track_10min_16mb/2026-03-20_Stride32_WarmdownTuned_MuonTuned/train_seed1337.log,pr_274,120000,1.14173591,final_int8_zlib_roundtrip_exact,sliding_window,1.1526,15676104,25517137,524288,2048,20,0.03,0.0,0.02,0.02,8,4,0,1900,117479,61.83,2.1343,2.0246,2.15385,-5.2304009997258436e-06,0.9961472,1.3065,1.3065,4,-2.7442975770759626e-05,-0.16476409000000003
pr-274:records/track_10min_16mb/2026-03-20_Stride32_WarmdownTuned_MuonTuned/train_seed1337.log,pr_274,180000,1.14173591,final_int8_zlib_roundtrip_exact,sliding_window,1.1526,15676104,25517137,524288,2048,20,0.03,0.0,0.02,0.02,8,4,0,2900,179322,61.84,2.1356,2.0131,2.17005,-1.8568218290723288e-08,1.5204352,1.2767,1.2767,6,-6.588299153764484e-07,-0.13496408999999998
pr-274:records/track_10min_16mb/2026-03-20_Stride32_WarmdownTuned_MuonTuned/train_seed1337.log,pr_274,300000,1.14173591,final_int8_zlib_roundtrip_exact,sliding_window,1.1526,15676104,25517137,524288,2048,20,0.03,0.0,0.02,0.02,8,4,0,4800,296798,61.83,2.2234,1.9302,2.1080166666666664,6.776802683788289e-06,2.5165824,1.2561,1.2561,10,-1.4876724653847848e-07,-0.11436409000000003
pr-274:records/track_10min_16mb/2026-03-20_Stride32_WarmdownTuned_MuonTuned/train_seed1337.log,pr_274,420000,1.14173591,final_int8_zlib_roundtrip_exact,sliding_window,1.1526,15676104,25517137,524288,2048,20,0.03,0.0,0.02,0.02,8,4,0,6700,414204,61.82,2.0846,1.9302,2.0388333333333333,2.192312758152956e-06,3.5127296,1.2248,1.2248,14,-2.63744453274286e-07,-0.08306409000000015
pr-274:records/track_10min_16mb/2026-03-20_Stride32_WarmdownTuned_MuonTuned/train_seed42.log,pr_274,60000,1.13923361,final_int8_zlib_roundtrip_exact,sliding_window,1.1507,15817986,25517137,524288,2048,20,0.03,0.0,0.02,0.02,8,4,0,900,55680,61.87,2.2543,2.2062,2.3236166666666667,-3.307832693433707e-06,0.4718592,1.4271,1.4271,2,-8.647619047619046e-05,-0.28786639
pr-274:records/track_10min_16mb/2026-03-20_Stride32_WarmdownTuned_MuonTuned/train_seed42.log,pr_274,120000,1.13923361,final_int8_zlib_roundtrip_exact,sliding_window,1.1507,15817986,25517137,524288,2048,20,0.03,0.0,0.02,0.02,8,4,0,1900,117521,61.85,2.1284,2.0265,2.151066666666667,-5.230583860109275e-06,0.9961472,1.3025,1.3025,4,-2.7480957332235733e-05,-0.16326638999999998
pr-274:records/track_10min_16mb/2026-03-20_Stride32_WarmdownTuned_MuonTuned/train_seed42.log,pr_274,180000,1.13923361,final_int8_zlib_roundtrip_exact,sliding_window,1.1507,15817986,25517137,524288,2048,20,0.03,0.0,0.02,0.02,8,4,0,2900,179392,61.86,2.1339,2.0083,2.1671833333333335,1.5346121814009673e-07,1.5204352,1.2749,1.2749,6,-6.574039400620136e-07,-0.13566638999999991
pr-274:records/track_10min_16mb/2026-03-20_Stride32_WarmdownTuned_MuonTuned/train_seed42.log,pr_274,300000,1.13923361,final_int8_zlib_roundtrip_exact,sliding_window,1.1507,15817986,25517137,524288,2048,20,0.03,0.0,0.02,0.02,8,4,0,4800,296855,61.84,2.2179,1.9246,2.103166666666667,6.780571530361201e-06,2.5165824,1.2556,1.2556,10,-1.3007177083756403e-07,-0.11636639000000004
pr-274:records/track_10min_16mb/2026-03-20_Stride32_WarmdownTuned_MuonTuned/train_seed42.log,pr_274,420000,1.13923361,final_int8_zlib_roundtrip_exact,sliding_window,1.1507,15817986,25517137,524288,2048,20,0.03,0.0,0.02,0.02,8,4,0,6700,414329,61.84,2.0796,1.9246,2.0355000000000003,2.216748767921049e-06,3.5127296,1.222,1.222,14,-2.5554264281387973e-07,-0.08276638999999997
pr-274:records/track_10min_16mb/2026-03-20_Stride32_WarmdownTuned_MuonTuned/train_seed7.log,pr_274,60000,1.14000458,final_int8_zlib_roundtrip_exact,sliding_window,1.1507,15723922,25517137,524288,2048,20,0.03,0.0,0.02,0.02,8,4,0,900,55725,61.92,2.2653,2.2097,2.331166666666667,-3.236820316177881e-06,0.4718592,1.4303,1.4303,2,-8.618966239963887e-05,-0.29029541999999986
pr-274:records/track_10min_16mb/2026-03-20_Stride32_WarmdownTuned_MuonTuned/train_seed7.log,pr_274,120000,1.14000458,final_int8_zlib_roundtrip_exact,sliding_window,1.1507,15723922,25517137,524288,2048,20,0.03,0.0,0.02,0.02,8,4,0,1900,117513,61.85,2.13,2.0236,2.151683333333333,-5.214931546888172e-06,0.9961472,1.3033,1.3033,4,-2.746490219616185e-05,-0.16329541999999986
pr-274:records/track_10min_16mb/2026-03-20_Stride32_WarmdownTuned_MuonTuned/train_seed7.log,pr_274,180000,1.14000458,final_int8_zlib_roundtrip_exact,sliding_window,1.1507,15723922,25517137,524288,2048,20,0.03,0.0,0.02,0.02,8,4,0,2900,179422,61.87,2.1368,2.009,2.166116666666667,1.0409662085513821e-07,1.5204352,1.2745,1.2745,6,-6.671239954308109e-07,-0.13449541999999992
pr-274:records/track_10min_16mb/2026-03-20_Stride32_WarmdownTuned_MuonTuned/train_seed7.log,pr_274,300000,1.14000458,final_int8_zlib_roundtrip_exact,sliding_window,1.1507,15723922,25517137,524288,2048,20,0.03,0.0,0.02,0.02,8,4,0,4800,296874,61.85,2.2138,1.9212,2.1027666666666662,6.534370412375015e-06,2.5165824,1.2548,1.2548,10,-1.3945735310774454e-07,-0.11479541999999987
pr-274:records/track_10min_16mb/2026-03-20_Stride32_WarmdownTuned_MuonTuned/train_seed7.log,pr_274,420000,1.14000458,final_int8_zlib_roundtrip_exact,sliding_window,1.1507,15723922,25517137,524288,2048,20,0.03,0.0,0.02,0.02,8,4,0,6700,414318,61.84,2.0805,1.9212,2.0358666666666667,2.1948959979493847e-06,3.5127296,1.2218,1.2218,14,-2.714461580735443e-07,-0.08179541999999995
pr-286:records/track_10min_16mb/2026-03-20_10L_Int5MLP_SmearBigram_LateQAT/train.log,pr_286,60000,1.1628267,final_mixed_int5int6_roundtrip_exact,sliding_window,1.1907,15481841,24730705,786432,2048,20,0.03,0.0,0.025,0.02,8,4,0,400,54762,136.91,2.4406,2.4406,5.296933333333333,-0.00011051986617461516,0.3145728,4.1033,4.1033,1,,-2.9404733
pr-286:records/track_10min_16mb/2026-03-20_10L_Int5MLP_SmearBigram_LateQAT/train.log,pr_286,120000,1.1628267,final_mixed_int5int6_roundtrip_exact,sliding_window,1.1907,15481841,24730705,786432,2048,20,0.03,0.0,0.025,0.02,8,4,0,800,101283,126.6,2.2588,2.2588,3.7239999999999998,-4.509302994706249e-05,0.6291456,4.1033,4.1033,1,,-2.9404733
pr-286:records/track_10min_16mb/2026-03-20_10L_Int5MLP_SmearBigram_LateQAT/train.log,pr_286,180000,1.1628267,final_mixed_int5int6_roundtrip_exact,sliding_window,1.1907,15481841,24730705,786432,2048,20,0.03,0.0,0.025,0.02,8,4,0,1400,170151,121.54,2.1949,2.1949,2.3178833333333335,-1.4442635242750074e-06,1.1010048,1.3295,1.3295,2,-2.2620552424912127e-05,-0.1666732999999998
pr-286:records/track_10min_16mb/2026-03-20_10L_Int5MLP_SmearBigram_LateQAT/train.log,pr_286,300000,1.1628267,final_mixed_int5int6_roundtrip_exact,sliding_window,1.1907,15481841,24730705,786432,2048,20,0.03,0.0,0.025,0.02,8,4,0,2400,283002,117.92,2.0647,2.0647,2.12325,-6.703881895314847e-07,1.8874368,1.2679,1.2679,3,-1.2010694512679843e-05,-0.10507329999999993
pr-286:records/track_10min_16mb/2026-03-20_10L_Int5MLP_SmearBigram_LateQAT/train.log,pr_286,420000,1.1628267,final_mixed_int5int6_roundtrip_exact,sliding_window,1.1907,15481841,24730705,786432,2048,20,0.03,0.0,0.025,0.02,8,4,0,3400,396620,116.65,1.9978,1.9978,2.1014333333333335,-2.0079685877915446e-07,2.6738688,1.2297,1.2297,4,-7.502765938144218e-06,-0.06687329999999991
records/track_10min_16mb/2026-03-19_BaselineModal/train.log,local,60000,1.22994985,final_int8_zlib_roundtrip_exact,plain,1.2234,15865993,17059912,524288,1024,20,0.05,0.0,0.04,0.04,8,4,0,1250,57865,46.29,2.2072,2.2072,2.3280833333333333,-1.3758778256910205e-05,0.65536,1.364,1.364,7,-3.0540520385033116e-06,-0.1340501500000002
records/track_10min_16mb/2026-03-19_BaselineModal/train.log,local,120000,1.22994985,final_int8_zlib_roundtrip_exact,plain,1.2234,15865993,17059912,524288,1024,20,0.05,0.0,0.04,0.04,8,4,0,2500,119202,47.68,2.1231,2.069,2.2105333333333337,-7.502816253995031e-06,1.31072,1.3128,1.3128,13,-6.602993499350526e-07,-0.08285015000000007
records/track_10min_16mb/2026-03-19_BaselineModal/train.log,local,180000,1.22994985,final_int8_zlib_roundtrip_exact,plain,1.2234,15865993,17059912,524288,1024,20,0.05,0.0,0.04,0.04,8,4,0,3650,177752,48.7,2.2167,2.069,2.2061666666666664,4.8137111309189965e-06,1.9136512,1.2904,1.2904,19,-2.97560332048302e-07,-0.06045015000000009
records/track_10min_16mb/2026-03-19_BaselineModal/train.log,local,300000,1.22994985,final_int8_zlib_roundtrip_exact,plain,1.2234,15865993,17059912,524288,1024,20,0.05,0.0,0.04,0.04,8,4,0,5900,297507,50.42,2.0912,1.9728,2.144066666666667,1.8153062810585503e-06,3.0932992,1.2713,1.2713,30,-1.1372923645251447e-07,-0.041350150000000196
records/track_10min_16mb/2026-03-19_BaselineModal/train.log,local,420000,1.22994985,final_int8_zlib_roundtrip_exact,plain,1.2234,15865993,17059912,524288,1024,20,0.05,0.0,0.04,0.04,8,4,0,8300,418823,50.46,2.1251,1.9728,2.15755,1.44721726499599e-06,4.3515904,1.2565,1.2565,42,-1.146404022947922e-07,-0.02655015000000005
records/track_10min_16mb/2026-03-19_CorePromotion13/train.log,local,60000,1.24223589,final_int8_zlib_roundtrip_exact,plain,1.2366,16159336,17342176,524288,1024,20,0.05,0.0,0.08,0.04,8,4,0,700,58277,83.25,2.448,2.3776,2.4762,-3.938815183583909e-06,0.3670016,1.4568,1.4568,4,-4.850334042749094e-05,-0.2145641100000002
records/track_10min_16mb/2026-03-19_CorePromotion13/train.log,local,120000,1.24223589,final_int8_zlib_roundtrip_exact,plain,1.2366,16159336,17342176,524288,1024,20,0.05,0.0,0.08,0.04,8,4,0,1400,118484,84.63,,2.2083,2.3211,4.619197719559683e-06,0.7340032,1.352,1.352,8,-1.1919525776569098e-06,-0.10976411000000019
records/track_10min_16mb/2026-03-19_CorePromotion13/train.log,local,180000,1.24223589,final_int8_zlib_roundtrip_exact,plain,1.2366,16159336,17342176,524288,1024,20,0.05,0.0,0.08,0.04,8,4,0,2100,178342,84.92,2.2659,2.1029,2.245816666666667,2.0319087548908916e-07,1.1010048,1.3242,1.3242,11,-5.462412618997541e-07,-0.08196411000000015
records/track_10min_16mb/2026-03-19_CorePromotion13/train.log,local,300000,1.24223589,final_int8_zlib_roundtrip_exact,plain,1.2366,16159336,17342176,524288,1024,20,0.05,0.0,0.08,0.04,8,4,0,3500,298415,85.26,2.2491,2.0747,2.1553666666666667,3.2005615786268714e-06,1.835008,1.294,1.294,18,-1.8675966752340865e-07,-0.05176411000000014
records/track_10min_16mb/2026-03-19_CorePromotion13/train.log,local,420000,1.24223589,final_int8_zlib_roundtrip_exact,plain,1.2366,16159336,17342176,524288,1024,20,0.05,0.0,0.08,0.04,8,4,0,4900,417487,85.2,2.1637,1.9659,2.1477500000000003,3.0305723696314523e-06,2.5690112,1.2762,1.2762,25,-1.0452585240687303e-07,-0.0339641100000001
records/track_10min_16mb/2026-03-19_core_record_candidate_8x_exportsearch/train.log,local,60000,1.2388129,final_int8_zlib_roundtrip_exact,plain,1.2301,16266142,17342176,524288,1024,20,0.06,0.0,0.08,0.04,8,4,0,850,58556,68.89,2.7123,2.2589,2.4316833333333334,4.276795038777114e-06,0.4456448,,,0,,
records/track_10min_16mb/2026-03-19_core_record_candidate_8x_exportsearch/train.log,local,120000,1.2388129,final_int8_zlib_roundtrip_exact,plain,1.2301,16266142,17342176,524288,1024,20,0.06,0.0,0.08,0.04,8,4,0,1700,116854,68.74,2.1705,2.0956,2.1854833333333334,-3.054513358304351e-06,0.8912896,,,0,,
records/track_10min_16mb/2026-03-19_core_record_candidate_8x_exportsearch/train.log,local,180000,1.2388129,final_int8_zlib_roundtrip_exact,plain,1.2301,16266142,17342176,524288,1024,20,0.06,0.0,0.08,0.04,8,4,0,2600,178744,68.75,2.4085,2.0719,2.211,6.3919962569265074e-06,1.3631488,,,0,,
records/track_10min_16mb/2026-03-19_core_record_candidate_8x_exportsearch/train.log,local,300000,1.2388129,final_int8_zlib_roundtrip_exact,plain,1.2301,16266142,17342176,524288,1024,20,0.06,0.0,0.08,0.04,8,4,0,4350,299037,68.74,2.2081,1.9837,2.1707833333333335,-6.900097617113303e-06,2.2806528,,,0,,
records/track_10min_16mb/2026-03-19_core_record_candidate_8x_exportsearch/train.log,local,420000,1.2388129,final_int8_zlib_roundtrip_exact,plain,1.2301,16266142,17342176,524288,1024,20,0.06,0.0,0.08,0.04,8,4,0,6100,419037,68.69,2.1093,1.9682,2.13855,-1.2411694039253934e-06,3.1981568,,,0,,
records/track_10min_16mb/2026-03-20_11L_WD04_524K_SWA_ValidEval/runpod_tmp_base/train.log,local,60000,1.1666231,final_int8_zlib_roundtrip_exact,non_overlapping_validity_safe,1.161,22285850,26501720,524288,2048,20,0.035,0.0,0.025,0.025,8,4,0,800,53650,67.06,2.2379,2.2379,3.7344666666666666,-7.715479784534348e-05,0.4194304,,,0,,
records/track_10min_16mb/2026-03-20_11L_WD04_524K_SWA_ValidEval/runpod_tmp_base/train.log,local,120000,1.1666231,final_int8_zlib_roundtrip_exact,non_overlapping_validity_safe,1.161,22285850,26501720,524288,2048,20,0.035,0.0,0.025,0.025,8,4,0,1600,107151,66.97,2.069,2.069,2.312583333333333,-3.292735289175091e-06,0.8388608,,,0,,
records/track_10min_16mb/2026-03-20_11L_WD04_524K_SWA_ValidEval/runpod_tmp_base/train.log,local,180000,1.1666231,final_int8_zlib_roundtrip_exact,non_overlapping_validity_safe,1.161,22285850,26501720,524288,2048,20,0.035,0.0,0.025,0.025,8,4,0,2600,173940,66.9,2.3759,2.032,2.169566666666667,2.7842330522565027e-06,1.3631488,,,0,,
records/track_10min_16mb/2026-03-20_11L_WD04_524K_SWA_ValidEval/runpod_tmp_base/train.log,local,300000,1.1666231,final_int8_zlib_roundtrip_exact,non_overlapping_validity_safe,1.161,22285850,26501720,524288,2048,20,0.035,0.0,0.025,0.025,8,4,0,4400,294022,66.82,2.0752,2.032,2.117166666666667,-8.388415741351141e-08,2.3068672,,,0,,
records/track_10min_16mb/2026-03-20_11L_WD04_524K_SWA_ValidEval/runpod_tmp_base/train.log,local,420000,1.1666231,final_int8_zlib_roundtrip_exact,non_overlapping_validity_safe,1.161,22285850,26501720,524288,2048,20,0.035,0.0,0.025,0.025,8,4,0,6200,413986,66.77,2.0585,1.9401,2.1350333333333333,-7.665032805664426e-07,3.2505856,,,0,,
records/track_10min_16mb/2026-03-20_LeaderCore10L_BoundaryCurriculumLRFloor/runpod_tmp_base/train.log,local,60000,1.21960576,final_int8_zlib_roundtrip_exact,non_overlapping_validity_safe,1.2189,15246448,18897488,524288,1024,20,0.1,0.0,0.04,0.04,8,4,0,1200,59175,49.31,2.2668,2.2668,2.503416666666667,-1.2651145925333911e-05,0.6291456,,,0,,
records/track_10min_16mb/2026-03-20_LeaderCore10L_BoundaryCurriculumLRFloor/runpod_tmp_base/train.log,local,120000,1.21960576,final_int8_zlib_roundtrip_exact,non_overlapping_validity_safe,1.2189,15246448,18897488,524288,1024,20,0.1,0.0,0.04,0.04,8,4,0,2400,118338,49.31,2.323,2.2218,2.294716666666667,-3.4617701750590676e-07,1.2582912,,,0,,
records/track_10min_16mb/2026-03-20_LeaderCore10L_BoundaryCurriculumLRFloor/runpod_tmp_base/train.log,local,180000,1.21960576,final_int8_zlib_roundtrip_exact,non_overlapping_validity_safe,1.2189,15246448,18897488,524288,1024,20,0.1,0.0,0.04,0.04,8,4,0,3600,176499,49.03,2.2672,2.2131,2.2893833333333333,-2.739656630070963e-07,1.8874368,,,0,,
records/track_10min_16mb/2026-03-20_LeaderCore10L_BoundaryCurriculumLRFloor/runpod_tmp_base/train.log,local,300000,1.21960576,final_int8_zlib_roundtrip_exact,non_overlapping_validity_safe,1.2189,15246448,18897488,524288,1024,20,0.1,0.0,0.04,0.04,8,4,0,5200,296912,57.1,2.1176,2.0308,2.167316666666667,-3.5704045424116503e-06,2.7262976,,,0,,
records/track_10min_16mb/2026-03-20_LeaderCore10L_BoundaryCurriculumLRFloor/runpod_tmp_base/train.log,local,420000,1.21960576,final_int8_zlib_roundtrip_exact,non_overlapping_validity_safe,1.2189,15246448,18897488,524288,1024,20,0.1,0.0,0.04,0.04,8,4,0,7600,413985,54.47,2.1537,2.0308,2.1742666666666666,-1.3455098763258603e-06,3.9845888,,,0,,
records/track_10min_16mb/2026-03-20_LeaderCore10L_MixedQuant_MicroTTT/train.log,local,60000,1.24271554,final_int8_zlib_roundtrip_exact,non_overlapping_validity_safe,1.206,10401310,18897488,524288,1024,20,0.1,0.0,0.04,0.04,8,4,0,1200,58553,48.79,2.4011,2.3127,2.5044999999999997,-9.119189108966901e-06,0.6291456,,,0,,
records/track_10min_16mb/2026-03-20_LeaderCore10L_MixedQuant_MicroTTT/train.log,local,120000,1.24271554,final_int8_zlib_roundtrip_exact,non_overlapping_validity_safe,1.206,10401310,18897488,524288,1024,20,0.1,0.0,0.04,0.04,8,4,0,2400,116879,48.7,2.2261,2.1071,2.2333333333333334,-3.2463510734213077e-06,1.2582912,,,0,,
records/track_10min_16mb/2026-03-20_LeaderCore10L_MixedQuant_MicroTTT/train.log,local,180000,1.24271554,final_int8_zlib_roundtrip_exact,non_overlapping_validity_safe,1.206,10401310,18897488,524288,1024,20,0.1,0.0,0.04,0.04,8,4,0,3600,175302,48.7,2.1587,2.1071,2.2594333333333334,-4.961104875243002e-06,1.8874368,,,0,,
records/track_10min_16mb/2026-03-20_LeaderCore10L_MixedQuant_MicroTTT/train.log,local,300000,1.24271554,final_int8_zlib_roundtrip_exact,non_overlapping_validity_safe,1.206,10401310,18897488,524288,1024,20,0.1,0.0,0.04,0.04,8,4,0,6000,291874,48.65,2.2789,2.0193,2.213033333333333,2.6259431050472175e-06,3.145728,,,0,,
records/track_10min_16mb/2026-03-20_LeaderCore10L_MixedQuant_MicroTTT/train.log,local,420000,1.24271554,final_int8_zlib_roundtrip_exact,non_overlapping_validity_safe,1.206,10401310,18897488,524288,1024,20,0.1,0.0,0.04,0.04,8,4,0,8600,418029,48.61,2.1983,2.0193,2.1799833333333334,2.045136979930769e-06,4.5088768,,,0,,
records/track_10min_16mb/2026-03-20_LeaderCore10L_PaidPrefix/runpod_tmp_prefix768k/train.log,local,60000,1.18610482,final_int8_zlib_roundtrip_exact,non_overlapping_validity_safe,1.1854,16075045,18897488,524288,1024,20,0.1,0.0,0.04,0.04,8,4,768000,1200,58370,48.64,2.4004,2.3088,2.5021833333333334,-9.132510941349438e-06,0.6291456,,,0,,
records/track_10min_16mb/2026-03-20_LeaderCore10L_PaidPrefix/runpod_tmp_prefix768k/train.log,local,120000,1.18610482,final_int8_zlib_roundtrip_exact,non_overlapping_validity_safe,1.1854,16075045,18897488,524288,1024,20,0.1,0.0,0.04,0.04,8,4,768000,2400,116977,48.74,2.2233,2.1033,2.2308833333333338,-3.2206266328540254e-06,1.2582912,,,0,,
records/track_10min_16mb/2026-03-20_LeaderCore10L_PaidPrefix/runpod_tmp_prefix768k/train.log,local,180000,1.18610482,final_int8_zlib_roundtrip_exact,non_overlapping_validity_safe,1.1854,16075045,18897488,524288,1024,20,0.1,0.0,0.04,0.04,8,4,768000,3600,175489,48.75,2.1561,2.1033,2.2584333333333335,-4.906215283344599e-06,1.8874368,,,0,,
records/track_10min_16mb/2026-03-20_LeaderCore10L_PaidPrefix/runpod_tmp_prefix768k/train.log,local,300000,1.18610482,final_int8_zlib_roundtrip_exact,non_overlapping_validity_safe,1.1854,16075045,18897488,524288,1024,20,0.1,0.0,0.04,0.04,8,4,768000,6000,292427,48.74,2.2704,2.0142,2.2091499999999997,2.5950152048491626e-06,3.145728,,,0,,
records/track_10min_16mb/2026-03-20_LeaderCore10L_PaidPrefix/runpod_tmp_prefix768k/train.log,local,420000,1.18610482,final_int8_zlib_roundtrip_exact,non_overlapping_validity_safe,1.1854,16075045,18897488,524288,1024,20,0.1,0.0,0.04,0.04,8,4,768000,8600,418835,48.7,2.1964,2.0142,2.177,2.173388833468309e-06,4.5088768,,,0,,
records/track_10min_16mb/2026-03-20_LeaderCore10L_ValidEval_TempOnly_Int8Search/runpod_tmp_base/train.log,local,60000,1.20639536,final_int8_zlib_roundtrip_exact,non_overlapping_validity_safe,1.2055,15294320,18897488,524288,1024,20,0.1,0.0,0.04,0.04,8,4,0,1200,58899,49.08,2.3992,2.312,2.5039,-8.962410373150793e-06,0.6291456,,,0,,
records/track_10min_16mb/2026-03-20_LeaderCore10L_ValidEval_TempOnly_Int8Search/runpod_tmp_base/train.log,local,120000,1.20639536,final_int8_zlib_roundtrip_exact,non_overlapping_validity_safe,1.2055,15294320,18897488,524288,1024,20,0.1,0.0,0.04,0.04,8,4,0,2400,117885,49.12,2.2241,2.1043,2.2333166666666666,-3.3088458146843467e-06,1.2582912,,,0,,
records/track_10min_16mb/2026-03-20_LeaderCore10L_ValidEval_TempOnly_Int8Search/runpod_tmp_base/train.log,local,180000,1.20639536,final_int8_zlib_roundtrip_exact,non_overlapping_validity_safe,1.2055,15294320,18897488,524288,1024,20,0.1,0.0,0.04,0.04,8,4,0,3600,176973,49.16,2.1576,2.1043,2.260683333333333,-4.920393782973027e-06,1.8874368,,,0,,
records/track_10min_16mb/2026-03-20_LeaderCore10L_ValidEval_TempOnly_Int8Search/runpod_tmp_base/train.log,local,300000,1.20639536,final_int8_zlib_roundtrip_exact,non_overlapping_validity_safe,1.2055,15294320,18897488,524288,1024,20,0.1,0.0,0.04,0.04,8,4,0,6000,295166,49.19,2.2771,2.0208,2.2114833333333337,2.6583306280089126e-06,3.145728,,,0,,
records/track_10min_16mb/2026-03-20_LeaderCore10L_ValidEval_TempOnly_Int8Search/runpod_tmp_base/train.log,local,420000,1.20639536,final_int8_zlib_roundtrip_exact,non_overlapping_validity_safe,1.2055,15294320,18897488,524288,1024,20,0.1,0.0,0.04,0.04,8,4,0,8400,414038,49.29,2.1916,2.0208,2.1753,1.6763529567064928e-06,4.4040192,,,0,,
records/track_10min_16mb/2026-03-20_LeaderCore10L_ValidEval_TempOnly_Int8Search/runpod_tmp_warmdown800_matrixlr006/train.log,local,60000,1.22384264,final_int8_zlib_roundtrip_exact,non_overlapping_validity_safe,1.2234,16094596,18897488,524288,1024,20,0.1,0.0,0.06,0.04,8,4,0,1200,58697,48.91,2.4149,2.3142,2.502433333333333,-8.18869382458987e-06,0.6291456,,,0,,
records/track_10min_16mb/2026-03-20_LeaderCore10L_ValidEval_TempOnly_Int8Search/runpod_tmp_warmdown800_matrixlr006/train.log,local,120000,1.22384264,final_int8_zlib_roundtrip_exact,non_overlapping_validity_safe,1.2234,16094596,18897488,524288,1024,20,0.1,0.0,0.06,0.04,8,4,0,2400,117215,48.84,2.2419,2.1197,2.247183333333333,-3.193512187882709e-06,1.2582912,,,0,,
records/track_10min_16mb/2026-03-20_LeaderCore10L_ValidEval_TempOnly_Int8Search/runpod_tmp_warmdown800_matrixlr006/train.log,local,180000,1.22384264,final_int8_zlib_roundtrip_exact,non_overlapping_validity_safe,1.2234,16094596,18897488,524288,1024,20,0.1,0.0,0.06,0.04,8,4,0,3600,175557,48.77,2.1835,2.1197,2.281483333333333,-4.871748688821965e-06,1.8874368,,,0,,
records/track_10min_16mb/2026-03-20_LeaderCore10L_ValidEval_TempOnly_Int8Search/runpod_tmp_warmdown800_matrixlr006/train.log,local,300000,1.22384264,final_int8_zlib_roundtrip_exact,non_overlapping_validity_safe,1.2234,16094596,18897488,524288,1024,20,0.1,0.0,0.06,0.04,8,4,0,6000,292144,48.69,2.2947,2.0445,2.230816666666667,2.625718370864031e-06,3.145728,,,0,,
records/track_10min_16mb/2026-03-20_LeaderCore10L_ValidEval_TempOnly_Int8Search/runpod_tmp_warmdown800_matrixlr006/train.log,local,420000,1.22384264,final_int8_zlib_roundtrip_exact,non_overlapping_validity_safe,1.2234,16094596,18897488,524288,1024,20,0.1,0.0,0.06,0.04,8,4,0,8600,418380,48.65,2.2199,2.0445,2.2016500000000003,2.2162177732879718e-06,4.5088768,,,0,,
records/track_10min_16mb/2026-03-20_core_record_candidate_evalmerge_8x/train.log,local,60000,1.20453674,final_int8_zlib_roundtrip_exact,plain,1.197,16268964,17342176,524288,1024,20,0.06,0.0,0.08,0.04,8,4,0,850,57659,67.83,2.7112,2.2605,2.43195,4.058383137091405e-06,0.4456448,,,0,,
records/track_10min_16mb/2026-03-20_core_record_candidate_evalmerge_8x/train.log,local,120000,1.20453674,final_int8_zlib_roundtrip_exact,plain,1.197,16268964,17342176,524288,1024,20,0.06,0.0,0.08,0.04,8,4,0,1750,118760,67.86,2.2459,2.0974,2.1866833333333333,2.5011022633440507e-06,0.917504,,,0,,
records/track_10min_16mb/2026-03-20_core_record_candidate_evalmerge_8x/train.log,local,180000,1.20453674,final_int8_zlib_roundtrip_exact,plain,1.197,16268964,17342176,524288,1024,20,0.06,0.0,0.08,0.04,8,4,0,2650,179658,67.8,2.2413,2.0704,2.217416666666667,7.3170870235572205e-06,1.3893632,,,0,,
records/track_10min_16mb/2026-03-20_core_record_candidate_evalmerge_8x/train.log,local,300000,1.20453674,final_int8_zlib_roundtrip_exact,plain,1.197,16268964,17342176,524288,1024,20,0.06,0.0,0.08,0.04,8,4,0,4400,298578,67.86,2.1069,1.983,2.158,-9.041293033282474e-06,2.3068672,,,0,,
records/track_10min_16mb/2026-03-20_core_record_candidate_evalmerge_8x/train.log,local,420000,1.20453674,final_int8_zlib_roundtrip_exact,plain,1.197,16268964,17342176,524288,1024,20,0.06,0.0,0.08,0.04,8,4,0,6150,417218,67.84,2.0924,1.9666,2.12555,-9.383636093175314e-07,3.2243712,,,0,,
